time,code,class
0,NO FEED,1
0,STILL,2
0,NO CLEAN,3
0,ON Leaf,4
30.384672, Walk,2
120.36848,STILL,2
120.36848, Probe/Feed,1
123.72768,NO FEED,1
123.72768, Walk,2
138.865136, Probe/Feed,1
138.865136,STILL,2
300.214318,END,0
